INSERT INTO PROJECT VALUES (1, 'Project 1');
INSERT INTO PROJECT VALUES (2, 'Project 2');
INSERT INTO PROJECT VALUES (3, 'Project 3');

INSERT INTO CATEGORY (ID, DESCRIPTION, NAME) VALUES(1, 'Contains all swift flows', 'Swift');
INSERT INTO CATEGORY (ID, DESCRIPTION, NAME) VALUES(2, 'Contains all batchs', 'Batch');
INSERT INTO CATEGORY (ID, DESCRIPTION, NAME) VALUES(3, 'Contains all enslavement flows', 'Enslavement');

INSERT INTO JOB_FILTER VALUES (1, 'SwiftId');
INSERT INTO JOB_FILTER VALUES (2, 'Partner');
INSERT INTO JOB_FILTER VALUES (3, 'BatchType');
INSERT INTO JOB_FILTER VALUES (4, 'FromApplication');

INSERT INTO JOB_STATUS VALUES (1, 'In Progress');
INSERT INTO JOB_STATUS VALUES (2, 'Failed');
INSERT INTO JOB_STATUS VALUES (3, 'Success');
INSERT INTO JOB_STATUS VALUES (4, 'Partially success');
INSERT INTO JOB_STATUS VALUES (5, 'Resolved');

INSERT INTO TEAM VALUES (1, 'motp@am.com', 'MO-Tradeprocessing');
INSERT INTO TEAM VALUES (2, 'moref@am.com', 'MO-Referential');

-- NAME, TEAM, PROJECT
INSERT INTO PROCESS VALUES (1, 'MT54x flow', 1, 1);
INSERT INTO PROCESS VALUES (2, 'MT54y flow', 1, 1);
INSERT INTO PROCESS VALUES (3, 'Entity enslavement', 2, 2);
INSERT INTO PROCESS VALUES (4, 'Fund enslavement', 2, 2);
INSERT INTO PROCESS VALUES (5, 'Static Data enslavement', 2, 2);
INSERT INTO PROCESS VALUES (6, 'Market Data enslavement', 2, 2);
INSERT INTO PROCESS VALUES (7, 'Blotter export batch', 2, 2);

INSERT INTO PROCESS_CATEGORIES VALUES (1, 1);
INSERT INTO PROCESS_CATEGORIES VALUES (2, 1);
INSERT INTO PROCESS_CATEGORIES VALUES (3, 3);
INSERT INTO PROCESS_CATEGORIES VALUES (4, 3);
INSERT INTO PROCESS_CATEGORIES VALUES (5, 3);
INSERT INTO PROCESS_CATEGORIES VALUES (6, 2);
INSERT INTO PROCESS_CATEGORIES VALUES (7, 2);

-- ID	OCCURED_ERROR	STACK_TRACE	PROCESS_STACK_TRACE	ERROR_CLASS	MESSAGE	MESSAGE_CODE	SPECIFIC_MSG	SPECIFIC_MSG_CODE
INSERT INTO JOB_ERROR (ID, OCCURED_DATE, STACK_TRACE, PROCESS_STACK_TRACE, ERROR_CLASS, MESSAGE, MESSAGE_CODE, SPECIFIC_MSG, SPECIFIC_MSG_CODE) VALUES (1, '2014-12-21 08:02:57', 'Exception in thread "main" java.lang.NullPointerException', 'Exception in thread "main" java.lang.NullPointerException', 'Type: NullPointerException', 'An error occured while trying to send message to partner', 'ERROR_1', '', '');
INSERT INTO JOB_ERROR (ID, OCCURED_DATE, STACK_TRACE, PROCESS_STACK_TRACE, ERROR_CLASS, MESSAGE, MESSAGE_CODE, SPECIFIC_MSG, SPECIFIC_MSG_CODE) VALUES (2, '2014-12-21 08:02:57', 'Exception in thread "main" java.lang.NullPointerException', 'Exception in thread "main" java.lang.NullPointerException', 'Type: NullPointerException', 'An error occured while trying to parse incoming file', 'ERROR_2', '', '');
INSERT INTO JOB_ERROR (ID, OCCURED_DATE, STACK_TRACE, PROCESS_STACK_TRACE, ERROR_CLASS, MESSAGE, MESSAGE_CODE, SPECIFIC_MSG, SPECIFIC_MSG_CODE) VALUES (3, '2015-01-20 16:15:57', 'Exception in thread "main" java.lang.NullPointerException', 'Exception in thread "main" java.lang.NullPointerException', 'Type: NullPointerException', 'An error occured while trying to parse incoming file', 'ERROR_3', '', '');

-- START, END, PROCESS, JOB_STATUS, JOB_ERROR
-- MT54x
INSERT INTO JOB (ID, START_TIME, END_TIME, PROCESS_ID, JOB_STATUS_ID, JOB_ERROR_ID) VALUES (1, '2014-11-20 11:02:57', '2014-11-20 11:03:14', 1, 3, null);
INSERT INTO JOB (ID, START_TIME, END_TIME, PROCESS_ID, JOB_STATUS_ID, JOB_ERROR_ID) VALUES (2, '2014-11-21 10:00:20', '2014-11-21 10:03:55', 1, 2, 1);
INSERT INTO JOB (ID, START_TIME, END_TIME, PROCESS_ID, JOB_STATUS_ID, JOB_ERROR_ID) VALUES (3, '2014-11-21 10:00:20', '2014-11-21 10:03:55', 1, 3, null);
INSERT INTO JOB (ID, START_TIME, END_TIME, PROCESS_ID, JOB_STATUS_ID, JOB_ERROR_ID) VALUES (4, '2014-11-21 10:00:20', '2014-11-21 10:03:55', 1, 1, null);

-- MT54y
INSERT INTO JOB (ID, START_TIME, END_TIME, PROCESS_ID, JOB_STATUS_ID, JOB_ERROR_ID) VALUES (5, '2014-11-21 10:00:20', '2014-11-21 10:03:55', 2, 2, 2);
INSERT INTO JOB (ID, START_TIME, END_TIME, PROCESS_ID, JOB_STATUS_ID, JOB_ERROR_ID) VALUES (6, '2014-11-21 10:00:20', '2014-11-21 10:03:55', 2, 2, 3);
INSERT INTO JOB (ID, START_TIME, END_TIME, PROCESS_ID, JOB_STATUS_ID, JOB_ERROR_ID) VALUES (7, '2014-11-21 10:00:20', '2014-11-21 10:03:55', 2, 3, null);

-- TODO Entity

INSERT INTO JOB_MESSAGE (ID, FILE_NAME, FILE_DESCRIPTION, FILE_CONTENT, JOB_ID) VALUES (1, 'swift1.txt', 'Description file 1', 'Contenu du fichier', 1);
INSERT INTO JOB_MESSAGE (ID, FILE_NAME, FILE_DESCRIPTION, FILE_CONTENT, JOB_ID) VALUES (2, 'swift2.txt', 'Description file 2', 'Contenu du fichier', 1);
INSERT INTO JOB_MESSAGE (ID, FILE_NAME, FILE_DESCRIPTION, FILE_CONTENT, JOB_ID) VALUES (3, 'swift3.txt', 'Description file 3', 'Contenu du fichier', 2);
INSERT INTO JOB_MESSAGE (ID, FILE_NAME, FILE_DESCRIPTION, FILE_CONTENT, JOB_ID) VALUES (4, 'swift4.txt', 'Description file 4', 'Contenu du fichier', 3);
INSERT INTO JOB_MESSAGE (ID, FILE_NAME, FILE_DESCRIPTION, FILE_CONTENT, JOB_ID) VALUES (5, 'swift5.txt', 'Description file 5', 'Contenu du fichier', 4);

COMMIT;